game_id,player_id,player_name,team_name,team_acronym,role,champion_name,win,game_length,player_kills,player_deaths,player_assists,total_minions_killed,gold_earned,total_damage_dealt_to_champions,team_kills
30072,6,knight,Bilibili Gaming,BLG,Mid,Tristana,1,1625,4,1,4,249,11575,18102,16
30073,6,knight,Bilibili Gaming,BLG,Mid,Orianna,1,1396,3,2,7,202,9498,13088,19
30074,6,knight,Bilibili Gaming,BLG,Mid,Tristana,1,1623,10,3,6,242,14412,27681,28
30078,6,knight,Bilibili Gaming,BLG,Mid,Neeko,1,1819,2,6,10,238,11765,17599,18
30079,6,knight,Bilibili Gaming,BLG,Mid,Ahri,1,1403,9,0,9,219,12373,20209,21
30080,6,knight,Bilibili Gaming,BLG,Mid,Akali,1,1863,11,1,7,253,14605,20251,21
30007,2,Caps,G2 Esports,G2,Mid,Neeko,1,1749,2,0,7,281,12609,16062,14
30014,2,Caps,G2 Esports,G2,Mid,LeBlanc,1,1925,3,2,3,321,14451,17865,15
30020,2,Caps,G2 Esports,G2,Mid,Neeko,0,2260,0,6,3,327,14349,14508,6
30335,3,Chovy,Gen.G,GEN,Mid,Corki,0,1739,2,1,2,267,12050,18417,4
30335,4,Faker,T1,T1,Mid,Neeko,1,1739,1,3,5,249,11340,11872,6
30336,3,Chovy,Gen.G,GEN,Mid,Tristana,1,1890,8,2,7,333,16933,25971,17
30336,4,Faker,T1,T1,Mid,Azir,0,1890,0,5,5,252,10921,10755,10
30337,3,Chovy,Gen.G,GEN,Mid,Yone,1,2571,7,2,9,409,21194,18831,25
30337,4,Faker,T1,T1,Mid,Azir,0,2571,3,3,5,393,18767,28118,10
30338,5,ShowMaker,Dplus KIA,DK,Mid,Neeko,1,1752,2,1,5,264,12408,10823,15
30339,5,ShowMaker,Dplus KIA,DK,Mid,Sylas,1,2348,4,1,6,330,17250,28556,13
30340,1,Bdd,KT Rolster,KT,Mid,Orianna,1,2068,0,3,12,314,13466,13099,15
30341,1,Bdd,KT Rolster,KT,Mid,Taliyah,1,1591,7,3,9,208,11956,15990,27
30344,4,Faker,T1,T1,Mid,Orianna,1,1556,6,1,11,248,13343,21012,21
30345,4,Faker,T1,T1,Mid,Corki,1,1606,4,2,4,225,11346,14940,17
30348,3,Chovy,Gen.G,GEN,Mid,Taliyah,1,1567,1,1,11,265,11848,23308,16
30349,3,Chovy,Gen.G,GEN,Mid,Taliyah,1,1387,4,0,5,244,11160,15569,17
30999,2,Caps,G2 Esports,G2,Mid,Azir,1,1883,4,1,6,300,14091,19456,15
30352,1,Bdd,KT Rolster,KT,Mid,Tristana,0,1544,0,3,3,240,9630,8570,3
30352,5,ShowMaker,Dplus KIA,DK,Mid,Syndra,1,1544,6,1,4,218,11231,14690,11
30353,1,Bdd,KT Rolster,KT,Mid,Azir,1,2700,6,3,5,409,19977,27897,14
30353,5,ShowMaker,Dplus KIA,DK,Mid,Akali,0,2700,5,3,6,395,19028,10154,17
30354,1,Bdd,KT Rolster,KT,Mid,Syndra,1,2350,3,2,9,336,14976,20928,13
30354,5,ShowMaker,Dplus KIA,DK,Mid,Orianna,0,2350,2,2,3,334,14682,18470,5
31010,2,Caps,G2 Esports,G2,Mid,Tristana,1,1699,1,2,6,242,11561,13072,16
31246,6,knight,Bilibili Gaming,BLG,Mid,LeBlanc,1,1623,4,0,6,247,13156,26195,17
31247,6,knight,Bilibili Gaming,BLG,Mid,Orianna,0,1834,3,3,2,266,11973,24709,6
31248,6,knight,Bilibili Gaming,BLG,Mid,LeBlanc,1,1649,6,1,4,247,12034,22415,19
31003,2,Caps,G2 Esports,G2,Mid,Tristana,0,1913,2,3,0,302,13217,11976,2
30357,1,Bdd,KT Rolster,KT,Mid,Orianna,1,2428,10,3,10,379,18499,31499,24
30358,1,Bdd,KT Rolster,KT,Mid,Orianna,0,1878,2,5,6,249,10542,9746,11
30359,1,Bdd,KT Rolster,KT,Mid,Azir,0,2078,2,4,7,320,13752,15248,10
30360,5,ShowMaker,Dplus KIA,DK,Mid,LeBlanc,1,1558,5,1,5,267,11549,19647,15
30361,5,ShowMaker,Dplus KIA,DK,Mid,Kassadin,1,1561,12,0,1,257,13978,23371,17
30362,3,Chovy,Gen.G,GEN,Mid,Corki,1,1902,5,2,8,338,17960,34622,16
30363,3,Chovy,Gen.G,GEN,Mid,Jayce,1,1657,10,1,4,284,15383,32345,24
30364,1,Bdd,KT Rolster,KT,Mid,Taliyah,1,2130,2,2,8,320,13146,15613,18
30364,4,Faker,T1,T1,Mid,Azir,0,2130,2,2,3,326,13759,14046,13
30365,1,Bdd,KT Rolster,KT,Mid,Akali,0,1271,3,4,2,160,8039,11253,6
30365,4,Faker,T1,T1,Mid,Corki,1,1271,5,0,11,170,9670,20844,23
30366,1,Bdd,KT Rolster,KT,Mid,Azir,0,1751,0,2,0,264,9757,10366,2
30366,4,Faker,T1,T1,Mid,Orianna,1,1751,7,0,7,287,14638,21730,16
31269,6,knight,Bilibili Gaming,BLG,Mid,Neeko,1,1915,4,2,8,259,13616,14692,23
31270,6,knight,Bilibili Gaming,BLG,Mid,Akali,1,2244,7,2,4,316,16371,27128,14
30370,3,Chovy,Gen.G,GEN,Mid,K'Sante,0,2224,3,6,2,331,15122,15241,7
30370,5,ShowMaker,Dplus KIA,DK,Mid,Sylas,1,2224,5,0,7,356,17956,18219,17
30371,3,Chovy,Gen.G,GEN,Mid,Jayce,1,2552,3,1,3,403,19109,30728,11
30371,5,ShowMaker,Dplus KIA,DK,Mid,Syndra,0,2552,4,2,2,356,16508,26089,8
30372,3,Chovy,Gen.G,GEN,Mid,Tristana,1,1773,4,0,2,361,15800,17497,14
30372,5,ShowMaker,Dplus KIA,DK,Mid,Azir,0,1773,1,2,2,277,10773,13661,4
31015,2,Caps,G2 Esports,G2,Mid,LeBlanc,1,1580,4,1,0,283,13797,18778,10
30378,4,Faker,T1,T1,Mid,Neeko,1,2173,4,2,7,308,15274,21439,15
30379,4,Faker,T1,T1,Mid,Orianna,1,1689,5,2,8,237,12652,20625,18
31019,2,Caps,G2 Esports,G2,Mid,Akali,1,2380,9,3,9,353,18649,29108,29
31287,6,knight,Bilibili Gaming,BLG,Mid,Syndra,1,2259,8,1,8,345,17864,25071,18
31288,6,knight,Bilibili Gaming,BLG,Mid,Neeko,1,1600,6,4,8,206,12346,19334,16
31026,2,Caps,G2 Esports,G2,Mid,LeBlanc,1,1676,3,2,2,264,11584,12936,18
30380,5,ShowMaker,Dplus KIA,DK,Mid,LeBlanc,0,2316,3,1,3,359,14830,35840,6
30381,5,ShowMaker,Dplus KIA,DK,Mid,Tristana,0,1900,2,2,1,313,12694,9616,4
30382,1,Bdd,KT Rolster,KT,Mid,Corki,1,1897,7,1,6,348,17312,24270,15
30383,1,Bdd,KT Rolster,KT,Mid,Taliyah,1,1690,4,0,16,271,12957,18634,23
30384,4,Faker,T1,T1,Mid,Orianna,1,1745,2,2,10,259,12769,16540,17
30385,4,Faker,T1,T1,Mid,Neeko,1,1439,3,1,0,224,10499,10175,13
30389,3,Chovy,Gen.G,GEN,Mid,Neeko,1,2050,2,2,7,312,13419,18018,20
30390,3,Chovy,Gen.G,GEN,Mid,Yone,1,1449,5,1,7,219,11623,15012,20
30391,5,ShowMaker,Dplus KIA,DK,Mid,LeBlanc,0,1755,0,4,5,245,9996,12913,6
30392,5,ShowMaker,Dplus KIA,DK,Mid,Orianna,0,2033,0,2,5,307,12601,14818,6
30395,1,Bdd,KT Rolster,KT,Mid,Corki,0,2210,0,2,2,346,15283,31390,4
30396,1,Bdd,KT Rolster,KT,Mid,Orianna,1,1654,5,1,8,254,12032,13333,19
30397,1,Bdd,KT Rolster,KT,Mid,Orianna,1,2511,4,2,15,333,17739,23920,19
30393,4,Faker,T1,T1,Mid,Orianna,1,1471,1,2,5,221,9140,12686,11
30394,4,Faker,T1,T1,Mid,Taliyah,1,1841,8,2,10,288,15862,25622,20
31316,6,knight,Bilibili Gaming,BLG,Mid,Azir,1,1330,5,0,2,230,11524,16733,14
31317,6,knight,Bilibili Gaming,BLG,Mid,Neeko,1,1482,0,2,10,173,8757,8641,15
32320,2,Caps,G2 Esports,G2,Mid,Hwei,1,1928,10,0,9,276,15079,27956,21
32321,2,Caps,G2 Esports,G2,Mid,Azir,1,1350,5,1,5,216,10770,23079,21
30401,3,Chovy,Gen.G,GEN,Mid,Corki,1,1962,8,1,5,309,18047,47165,18
30402,3,Chovy,Gen.G,GEN,Mid,Azir,1,1417,2,1,4,248,11403,13533,15
32333,2,Caps,G2 Esports,G2,Mid,LeBlanc,1,1924,2,1,9,306,13031,21951,22
32334,2,Caps,G2 Esports,G2,Mid,Azir,0,1843,3,3,3,299,13737,16729,6
32335,2,Caps,G2 Esports,G2,Mid,Hwei,1,1815,8,2,9,263,13431,24895,23
31334,6,knight,Bilibili Gaming,BLG,Mid,Karma,1,2162,1,1,8,264,13211,19309,14
31335,6,knight,Bilibili Gaming,BLG,Mid,Karma,1,2776,7,4,8,315,18846,40870,17
32432,2,Caps,G2 Esports,G2,Mid,Azir,1,2103,4,2,4,377,18251,18842,9
32433,2,Caps,G2 Esports,G2,Mid,K'Sante,1,1899,2,3,8,273,12006,9687,17
32434,2,Caps,G2 Esports,G2,Mid,Hwei,1,1714,8,1,9,208,12312,26309,27
30403,1,Bdd,KT Rolster,KT,Mid,Taliyah,1,1933,5,3,10,272,13945,31057,23
30403,3,Chovy,Gen.G,GEN,Mid,Azir,0,1933,1,5,7,315,13186,18953,11
30404,1,Bdd,KT Rolster,KT,Mid,Azir,1,1773,3,1,5,246,11689,15073,15
30404,3,Chovy,Gen.G,GEN,Mid,Karma,0,1773,1,2,2,295,11540,13460,5
30407,4,Faker,T1,T1,Mid,Azir,1,1503,1,3,9,245,12094,20021,17
30407,5,ShowMaker,Dplus KIA,DK,Mid,Akali,0,1503,1,4,2,214,8829,11299,4
30408,4,Faker,T1,T1,Mid,Orianna,1,2245,6,0,7,349,18364,23116,15
30408,5,ShowMaker,Dplus KIA,DK,Mid,Karma,0,2245,2,2,7,271,12414,30021,12
30411,1,Bdd,KT Rolster,KT,Mid,Azir,1,1629,2,1,10,255,11387,18248,18
30412,1,Bdd,KT Rolster,KT,Mid,Orianna,1,1592,2,0,4,219,10304,12019,12
30416,3,Chovy,Gen.G,GEN,Mid,Azir,1,1491,6,0,3,280,12795,16585,11
30417,3,Chovy,Gen.G,GEN,Mid,Hwei,1,1994,3,2,5,295,14298,17309,11
30418,5,ShowMaker,Dplus KIA,DK,Mid,Karma,1,1669,9,0,6,263,13728,35486,17
30419,5,ShowMaker,Dplus KIA,DK,Mid,Karma,1,1455,0,0,11,220,10987,19837,16
30420,4,Faker,T1,T1,Mid,Orianna,1,1808,1,0,11,309,13155,12012,14
30421,4,Faker,T1,T1,Mid,Orianna,1,1653,6,3,12,239,12767,17888,21
32440,2,Caps,G2 Esports,G2,Mid,Twisted Fate,0,1796,3,4,7,268,14627,18874,12
32441,2,Caps,G2 Esports,G2,Mid,LeBlanc,1,1681,7,2,6,219,11936,20509,28
32442,2,Caps,G2 Esports,G2,Mid,Azir,1,2019,6,4,15,302,15346,16350,31
32443,2,Caps,G2 Esports,G2,Mid,Azir,1,1989,6,2,10,306,16194,19590,21
31358,6,knight,Bilibili Gaming,BLG,Mid,Orianna,0,1429,0,2,2,196,7493,14543,7
31359,6,knight,Bilibili Gaming,BLG,Mid,Karma,0,1706,1,4,0,215,9270,17702,3
30424,4,Faker,T1,T1,Mid,Hwei,1,1722,7,3,10,225,12905,31030,19
30425,4,Faker,T1,T1,Mid,Karma,0,2501,3,2,1,381,16292,39289,6
30426,4,Faker,T1,T1,Mid,Hwei,1,1771,12,3,9,225,14562,27254,24
30427,1,Bdd,KT Rolster,KT,Mid,Taliyah,0,3309,1,4,10,461,20272,28934,12
30428,1,Bdd,KT Rolster,KT,Mid,Taliyah,0,1796,0,2,3,242,9236,16640,5
30429,5,ShowMaker,Dplus KIA,DK,Mid,Azir,1,2048,8,4,7,266,15667,33135,26
30430,5,ShowMaker,Dplus KIA,DK,Mid,Azir,1,1600,3,1,15,240,12040,26258,23
30431,3,Chovy,Gen.G,GEN,Mid,Azir,1,1728,7,1,6,319,15299,24322,18
30432,3,Chovy,Gen.G,GEN,Mid,Azir,1,1323,12,2,5,206,12411,27242,24
30438,1,Bdd,KT Rolster,KT,Mid,Karma,0,1883,2,3,1,288,12138,15444,3
30438,4,Faker,T1,T1,Mid,Corki,1,1883,3,1,5,313,14506,18822,13
30439,1,Bdd,KT Rolster,KT,Mid,Azir,0,1923,1,4,2,287,11591,16483,4
30439,4,Faker,T1,T1,Mid,Orianna,1,1923,2,1,9,273,13413,16233,16
30440,3,Chovy,Gen.G,GEN,Mid,Aurelion Sol,1,2103,4,2,10,310,14975,26877,18
30441,3,Chovy,Gen.G,GEN,Mid,Azir,1,1691,3,2,6,297,12797,17727,11
31384,6,knight,Bilibili Gaming,BLG,Mid,Taliyah,1,2515,5,3,8,360,17688,17008,17
31385,6,knight,Bilibili Gaming,BLG,Mid,Hwei,0,2770,1,2,7,374,17035,33870,11
31386,6,knight,Bilibili Gaming,BLG,Mid,Karma,1,2278,5,4,11,287,14746,30746,23
30442,5,ShowMaker,Dplus KIA,DK,Mid,Azir,1,1550,7,2,10,221,12953,25872,22
30443,5,ShowMaker,Dplus KIA,DK,Mid,Karma,1,2253,6,1,8,321,16184,33385,18
31401,6,knight,Bilibili Gaming,BLG,Mid,Neeko,1,2122,2,0,6,338,15543,12078,14
31402,6,knight,Bilibili Gaming,BLG,Mid,Akali,1,2195,10,5,6,327,17573,26347,27
30447,3,Chovy,Gen.G,GEN,Mid,Azir,1,1960,6,0,5,380,16616,19988,14
30448,3,Chovy,Gen.G,GEN,Mid,LeBlanc,1,1939,8,1,7,292,16429,30583,21
30449,4,Faker,T1,T1,Mid,Corki,1,1801,2,0,6,328,14495,23343,13
30450,4,Faker,T1,T1,Mid,Orianna,1,1501,3,0,7,251,11324,16030,18
30451,5,ShowMaker,Dplus KIA,DK,Mid,Azir,1,1695,2,0,9,334,13857,12734,11
30452,5,ShowMaker,Dplus KIA,DK,Mid,Karma,1,1979,0,1,8,300,12411,21241,12
31418,6,knight,Bilibili Gaming,BLG,Mid,Ahri,1,1802,4,0,12,292,14238,20272,21
31419,6,knight,Bilibili Gaming,BLG,Mid,Hwei,1,2739,5,6,12,310,16910,33906,23
30459,1,Bdd,KT Rolster,KT,Mid,Orianna,0,1760,0,2,0,262,9935,8871,0
30459,3,Chovy,Gen.G,GEN,Mid,Azir,1,1760,1,0,8,305,13339,13447,12
30460,1,Bdd,KT Rolster,KT,Mid,Azir,0,2125,3,4,4,315,13374,23691,9
30460,3,Chovy,Gen.G,GEN,Mid,Corki,1,2125,2,1,12,377,17363,32084,19
30464,4,Faker,T1,T1,Mid,Taliyah,1,1809,1,2,12,334,13579,17885,22
30465,4,Faker,T1,T1,Mid,Taliyah,1,1857,6,1,12,292,14845,20165,23
30466,1,Bdd,KT Rolster,KT,Mid,Orianna,0,3285,1,0,7,484,21979,16868,14
30466,5,ShowMaker,Dplus KIA,DK,Mid,Karma,1,3285,4,5,7,348,18963,39706,14
30467,1,Bdd,KT Rolster,KT,Mid,Taliyah,1,1876,9,2,7,287,15501,31068,21
30467,5,ShowMaker,Dplus KIA,DK,Mid,Karma,0,1876,1,6,5,206,9758,15505,10
30468,1,Bdd,KT Rolster,KT,Mid,Tristana,0,3100,4,3,3,508,23906,30504,9
30468,5,ShowMaker,Dplus KIA,DK,Mid,Azir,1,3100,6,2,4,383,21022,25492,16
31442,6,knight,Bilibili Gaming,BLG,Mid,Taliyah,1,2219,6,2,11,340,16657,21029,21
31443,6,knight,Bilibili Gaming,BLG,Mid,Neeko,1,2103,3,2,12,252,13172,23300,17
30474,3,Chovy,Gen.G,GEN,Mid,Taliyah,1,1804,2,0,7,311,13057,25214,12
30475,3,Chovy,Gen.G,GEN,Mid,Ahri,1,1687,3,2,8,264,12422,21262,13
30476,4,Faker,T1,T1,Mid,Taliyah,1,1749,4,3,11,259,13702,14669,25
30477,4,Faker,T1,T1,Mid,Taliyah,1,1502,6,1,12,241,12120,25265,34
30478,1,Bdd,KT Rolster,KT,Mid,Orianna,1,2536,1,1,14,363,16989,26673,17
30479,1,Bdd,KT Rolster,KT,Mid,Orianna,1,2174,2,0,9,290,14398,18138,16
31459,6,knight,Bilibili Gaming,BLG,Mid,Ahri,1,1706,7,1,8,284,15114,20164,24
30482,5,ShowMaker,Dplus KIA,DK,Mid,Taliyah,1,2434,4,5,7,328,15106,19730,18
31460,6,knight,Bilibili Gaming,BLG,Mid,Karma,1,1533,2,1,18,207,11428,23619,23
30483,5,ShowMaker,Dplus KIA,DK,Mid,Aurelion Sol,1,1982,8,0,4,314,15678,34158,13
30484,3,Chovy,Gen.G,GEN,Mid,Corki,1,1615,7,0,2,292,13831,21069,13
30484,4,Faker,T1,T1,Mid,LeBlanc,0,1615,0,2,0,240,8840,11082,0
30485,3,Chovy,Gen.G,GEN,Mid,Ahri,1,1886,3,1,6,312,13990,20684,16
30485,4,Faker,T1,T1,Mid,Taliyah,0,1886,2,3,3,280,11275,16793,7
32571,2,Caps,G2 Esports,G2,Mid,Ahri,1,2297,4,2,14,336,16927,26526,22
31469,6,knight,Bilibili Gaming,BLG,Mid,Neeko,1,1526,3,1,9,219,11038,18314,23
31470,6,knight,Bilibili Gaming,BLG,Mid,Ahri,1,1703,11,0,7,265,14777,24546,20
30488,1,Bdd,KT Rolster,KT,Mid,Corki,1,1591,5,3,5,240,11745,17653,13
30489,1,Bdd,KT Rolster,KT,Mid,Taliyah,0,1995,2,3,5,292,12469,18918,9
30490,1,Bdd,KT Rolster,KT,Mid,Taliyah,1,1867,0,0,18,272,12618,19427,21
30491,5,ShowMaker,Dplus KIA,DK,Mid,Karma,0,2333,2,4,1,294,12802,17136,7
30492,5,ShowMaker,Dplus KIA,DK,Mid,Karma,1,1733,10,0,4,293,15374,18846,16
30493,5,ShowMaker,Dplus KIA,DK,Mid,LeBlanc,1,2365,2,0,4,302,14709,21487,9
32578,2,Caps,G2 Esports,G2,Mid,Neeko,1,1688,4,0,3,263,12366,12780,14
32583,2,Caps,G2 Esports,G2,Mid,Neeko,1,1815,2,2,6,290,12726,12445,11
30497,4,Faker,T1,T1,Mid,Taliyah,1,2159,4,1,10,325,16131,15607,14
30497,5,ShowMaker,Dplus KIA,DK,Mid,Karma,0,2159,2,4,1,262,11883,16610,6
30498,4,Faker,T1,T1,Mid,Ahri,1,2292,6,4,10,295,16224,24450,20
30498,5,ShowMaker,Dplus KIA,DK,Mid,Annie,0,2292,4,5,9,277,14281,26219,15
31490,6,knight,Bilibili Gaming,BLG,Mid,Karma,1,1888,1,1,3,296,12491,15262,11
31491,6,knight,Bilibili Gaming,BLG,Mid,Neeko,1,1938,2,2,9,266,12369,19054,17
30501,1,Bdd,KT Rolster,KT,Mid,Karma,1,1448,1,2,13,182,9011,18725,17
30502,1,Bdd,KT Rolster,KT,Mid,Corki,1,2556,6,3,12,429,21796,49009,26
30503,3,Chovy,Gen.G,GEN,Mid,Kassadin,1,1909,6,0,3,377,17942,25263,10
30504,3,Chovy,Gen.G,GEN,Mid,Taliyah,1,1936,5,4,10,298,14695,22162,19
30505,4,Faker,T1,T1,Mid,Annie,0,1857,2,2,1,249,10643,13019,8
30506,4,Faker,T1,T1,Mid,Taliyah,1,1992,4,2,10,318,15763,24085,19
30507,4,Faker,T1,T1,Mid,Ahri,0,1891,5,3,1,247,11529,18605,9
30511,1,Bdd,KT Rolster,KT,Mid,Annie,1,1606,4,1,10,211,11271,20848,15
30512,1,Bdd,KT Rolster,KT,Mid,Orianna,0,2399,5,4,5,387,17448,26953,11
31509,6,knight,Bilibili Gaming,BLG,Mid,Taliyah,1,1719,6,1,9,279,13700,16328,23
30513,1,Bdd,KT Rolster,KT,Mid,Syndra,1,1907,8,1,4,301,15070,21117,19
31510,6,knight,Bilibili Gaming,BLG,Mid,Ahri,1,1852,8,1,6,270,13803,24926,22
32586,2,Caps,G2 Esports,G2,Mid,Ahri,1,1792,4,0,6,307,13635,17441,13
30517,3,Chovy,Gen.G,GEN,Mid,Corki,0,1934,4,5,4,337,16360,29616,8
30517,5,ShowMaker,Dplus KIA,DK,Mid,Annie,1,1934,2,2,11,272,14706,23381,21
30518,3,Chovy,Gen.G,GEN,Mid,Taliyah,1,2187,1,2,3,341,15651,16814,11
30518,5,ShowMaker,Dplus KIA,DK,Mid,Annie,0,2187,1,2,2,231,11334,16762,4
30519,3,Chovy,Gen.G,GEN,Mid,Tristana,1,2558,9,3,3,462,22504,31673,16
30519,5,ShowMaker,Dplus KIA,DK,Mid,Annie,0,2558,1,4,7,249,13322,23309,14
32593,2,Caps,G2 Esports,G2,Mid,Ahri,0,2022,0,3,5,310,11673,14480,6
32596,2,Caps,G2 Esports,G2,Mid,Karma,1,1656,1,2,10,228,10200,20036,17
30520,3,Chovy,Gen.G,GEN,Mid,Yone,1,1500,2,1,1,267,10467,8841,14
30521,3,Chovy,Gen.G,GEN,Mid,Orianna,1,1795,3,2,7,315,13678,24261,18
30522,4,Faker,T1,T1,Mid,Orianna,1,1379,4,4,12,202,11234,20891,21
31529,6,knight,Bilibili Gaming,BLG,Mid,LeBlanc,1,1450,8,0,1,218,13679,21749,18
30523,4,Faker,T1,T1,Mid,Taliyah,1,2964,6,3,6,431,23017,20528,22
31530,6,knight,Bilibili Gaming,BLG,Mid,Taliyah,0,1929,2,3,5,273,12772,30114,9
31531,6,knight,Bilibili Gaming,BLG,Mid,Karma,1,1564,8,1,5,230,12486,18979,21
30524,1,Bdd,KT Rolster,KT,Mid,Taliyah,1,2440,7,1,13,308,17115,40041,23
30525,1,Bdd,KT Rolster,KT,Mid,Annie,0,1950,2,3,4,240,10948,20211,6
30526,1,Bdd,KT Rolster,KT,Mid,Ahri,0,1555,5,4,0,235,10463,22161,6
30527,5,ShowMaker,Dplus KIA,DK,Mid,Tristana,0,2199,5,4,6,328,15994,25161,19
30528,5,ShowMaker,Dplus KIA,DK,Mid,Tristana,0,2095,0,1,0,374,13910,8254,2
30529,3,Chovy,Gen.G,GEN,Mid,Sylas,1,1636,6,1,9,261,13939,15256,23
30530,3,Chovy,Gen.G,GEN,Mid,Aurelion Sol,1,1951,8,3,10,309,15843,33053,24
32601,2,Caps,G2 Esports,G2,Mid,Annie,1,1688,4,1,9,223,11555,17318,15
30534,5,ShowMaker,Dplus KIA,DK,Mid,Ahri,0,1955,2,4,3,269,12478,16395,8
30535,5,ShowMaker,Dplus KIA,DK,Mid,Taliyah,0,1999,2,3,4,312,12395,21776,9
30536,4,Faker,T1,T1,Mid,Hwei,1,1574,2,3,4,227,10552,17090,14
30537,4,Faker,T1,T1,Mid,Corki,1,1806,2,0,7,298,13781,21732,13
31545,6,knight,Bilibili Gaming,BLG,Mid,Ahri,1,1987,7,1,7,282,14925,24887,23
31546,6,knight,Bilibili Gaming,BLG,Mid,Ahri,1,1735,3,0,6,260,11526,17406,11
32607,2,Caps,G2 Esports,G2,Mid,Karma,0,2226,1,3,1,294,12730,16445,6
30540,1,Bdd,KT Rolster,KT,Mid,Syndra,1,1694,8,1,13,241,13281,23069,28
30541,1,Bdd,KT Rolster,KT,Mid,Taliyah,1,1851,6,3,10,264,13172,24589,26
32612,2,Caps,G2 Esports,G2,Mid,Ahri,0,1603,2,3,3,244,9910,10798,7
32936,1,Bdd,KT Rolster,KT,Mid,Corki,0,2302,3,3,2,346,15844,27520,7
32936,5,ShowMaker,Dplus KIA,DK,Mid,Azir,1,2302,1,1,6,334,14530,23830,13
32937,1,Bdd,KT Rolster,KT,Mid,Veigar,1,2509,8,1,11,317,16705,40995,21
32937,5,ShowMaker,Dplus KIA,DK,Mid,Azir,0,2509,3,5,5,394,17033,21425,14
32938,1,Bdd,KT Rolster,KT,Mid,Veigar,1,2370,5,2,8,371,17060,21859,27
32938,5,ShowMaker,Dplus KIA,DK,Mid,Azir,0,2370,3,3,2,380,17756,25490,12
32939,1,Bdd,KT Rolster,KT,Mid,Taliyah,0,1441,1,3,1,202,7909,12929,4
32939,5,ShowMaker,Dplus KIA,DK,Mid,Azir,1,1441,4,0,6,277,12673,14202,16
32940,1,Bdd,KT Rolster,KT,Mid,Azir,0,1859,0,5,0,269,10091,10599,0
32940,5,ShowMaker,Dplus KIA,DK,Mid,Sylas,1,1859,5,0,5,268,14417,16036,16
33345,2,Caps,G2 Esports,G2,Mid,Taliyah,1,1686,4,0,7,264,12385,14497,16
33346,2,Caps,G2 Esports,G2,Mid,Taliyah,1,1882,5,1,8,301,14571,17139,15
33352,2,Caps,G2 Esports,G2,Mid,Aurelion Sol,1,1538,10,4,13,195,11968,26406,27
33353,2,Caps,G2 Esports,G2,Mid,Azir,1,1264,4,1,9,218,10644,16426,18
32941,3,Chovy,Gen.G,GEN,Mid,Azir,1,1918,2,1,6,354,13933,17476,11
32941,5,ShowMaker,Dplus KIA,DK,Mid,Aurelion Sol,0,1918,1,1,3,288,11912,18917,5
32942,3,Chovy,Gen.G,GEN,Mid,Tristana,0,2121,2,4,2,366,15610,17197,9
32942,5,ShowMaker,Dplus KIA,DK,Mid,Ahri,1,2121,10,0,8,297,16136,26427,22
32943,3,Chovy,Gen.G,GEN,Mid,Corki,1,1899,4,2,5,324,15819,25352,12
32943,5,ShowMaker,Dplus KIA,DK,Mid,Ahri,0,1899,3,3,2,267,12264,17022,8
32944,3,Chovy,Gen.G,GEN,Mid,Azir,0,2283,1,2,5,406,16264,21940,8
32944,5,ShowMaker,Dplus KIA,DK,Mid,LeBlanc,1,2283,2,2,3,313,17064,20030,9
32945,3,Chovy,Gen.G,GEN,Mid,Taliyah,1,2194,8,2,8,399,18878,34197,17
32945,5,ShowMaker,Dplus KIA,DK,Mid,Azir,0,2194,3,4,6,284,13556,23614,12
32946,4,Faker,T1,T1,Mid,Corki,0,2135,7,3,4,304,15802,36653,13
32947,4,Faker,T1,T1,Mid,Corki,0,2380,1,3,4,377,16534,29637,8
32948,4,Faker,T1,T1,Mid,Ahri,0,1868,1,4,5,284,12141,12562,14
32952,3,Chovy,Gen.G,GEN,Mid,Azir,0,2115,4,1,7,326,15268,43910,12
32953,3,Chovy,Gen.G,GEN,Mid,Aurelion Sol,1,2447,3,1,7,410,17783,38528,11
32954,3,Chovy,Gen.G,GEN,Mid,Azir,1,2567,2,4,16,337,16079,34521,23
32955,3,Chovy,Gen.G,GEN,Mid,Azir,1,1961,5,2,12,288,15681,19996,19
33279,6,knight,Bilibili Gaming,BLG,Mid,Orianna,1,1936,4,1,9,282,13699,22802,13
33280,6,knight,Bilibili Gaming,BLG,Mid,Tristana,0,1836,1,4,2,276,11218,13007,8
33281,6,knight,Bilibili Gaming,BLG,Mid,Syndra,1,2011,5,2,8,250,13334,21942,17
33282,6,knight,Bilibili Gaming,BLG,Mid,Ahri,1,1758,11,0,6,279,15926,26278,17
32949,4,Faker,T1,T1,Mid,Orianna,1,1965,3,0,7,345,15153,16637,15
32949,5,ShowMaker,Dplus KIA,DK,Mid,Diana,0,1965,2,3,3,257,11361,15022,9
32950,4,Faker,T1,T1,Mid,Azir,1,1996,2,2,4,292,13588,14611,16
32950,5,ShowMaker,Dplus KIA,DK,Mid,Veigar,0,1996,2,4,7,293,12976,22097,10
32951,4,Faker,T1,T1,Mid,Azir,1,2165,6,1,9,371,17583,36539,18
32951,5,ShowMaker,Dplus KIA,DK,Mid,Ahri,0,2165,4,3,7,319,14061,22835,13
33363,2,Caps,G2 Esports,G2,Mid,Aurelion Sol,1,2402,12,2,7,352,19441,47939,20
33364,2,Caps,G2 Esports,G2,Mid,Taliyah,0,1970,4,2,5,243,12202,24230,11
33365,2,Caps,G2 Esports,G2,Mid,Aurelion Sol,1,1300,4,1,11,158,9095,12887,24
33366,2,Caps,G2 Esports,G2,Mid,Taliyah,1,2023,6,1,8,317,16104,27842,18
33286,6,knight,Bilibili Gaming,BLG,Mid,Orianna,1,2150,8,3,12,299,16494,37213,24
33287,6,knight,Bilibili Gaming,BLG,Mid,Veigar,0,2081,3,1,3,306,13398,22737,7
33288,6,knight,Bilibili Gaming,BLG,Mid,Azir,1,2273,1,2,6,374,16125,17786,23
33289,6,knight,Bilibili Gaming,BLG,Mid,Azir,0,2100,6,4,7,320,15386,34134,14
33290,6,knight,Bilibili Gaming,BLG,Mid,Taliyah,1,2105,3,2,10,356,15298,26391,14
32956,4,Faker,T1,T1,Mid,Taliyah,0,2400,6,2,6,361,17397,23831,14
32957,4,Faker,T1,T1,Mid,Corki,1,2117,3,5,8,285,15333,24424,16
32958,4,Faker,T1,T1,Mid,Azir,1,2109,9,0,4,338,18105,35795,15
32959,4,Faker,T1,T1,Mid,Taliyah,1,2398,4,1,7,354,16649,15439,19
32960,3,Chovy,Gen.G,GEN,Mid,Corki,1,2597,6,2,14,468,22397,47674,24
32960,4,Faker,T1,T1,Mid,Azir,0,2597,7,4,2,405,20321,40338,10
32961,3,Chovy,Gen.G,GEN,Mid,Aurelion Sol,0,1920,9,3,1,310,15919,36951,13
32961,4,Faker,T1,T1,Mid,Azir,1,1920,3,2,8,293,14271,28479,17
32962,3,Chovy,Gen.G,GEN,Mid,Azir,0,2272,1,6,6,308,13740,32011,9
32962,4,Faker,T1,T1,Mid,Taliyah,1,2272,6,3,7,322,16965,25001,23
32963,3,Chovy,Gen.G,GEN,Mid,Aurelion Sol,1,1793,5,0,8,339,15089,25074,15
32963,4,Faker,T1,T1,Mid,Azir,0,1793,2,3,1,279,11765,17671,3
32964,3,Chovy,Gen.G,GEN,Mid,Corki,1,2524,4,1,8,394,20129,48487,15
32964,4,Faker,T1,T1,Mid,Orianna,0,2524,0,2,2,377,15542,21020,2
33381,2,Caps,G2 Esports,G2,Mid,Veigar,0,1711,5,5,3,239,12133,30141,11
33382,2,Caps,G2 Esports,G2,Mid,Azir,1,1746,9,3,5,291,16435,32377,19
33383,2,Caps,G2 Esports,G2,Mid,Azir,1,1664,7,3,7,258,13170,31009,20
33384,2,Caps,G2 Esports,G2,Mid,Taliyah,1,2097,4,7,18,275,14467,22842,33
33291,6,knight,Bilibili Gaming,BLG,Mid,Taliyah,1,2597,6,1,8,405,19833,53441,17
33292,6,knight,Bilibili Gaming,BLG,Mid,Azir,1,1392,1,2,13,215,10007,15289,22
33293,6,knight,Bilibili Gaming,BLG,Mid,Aurelion Sol,0,2203,2,3,9,341,14979,25794,21
33294,6,knight,Bilibili Gaming,BLG,Mid,Azir,1,1960,2,1,9,290,14509,27495,16
33597,4,Faker,T1,T1,Mid,Orianna,1,1546,4,2,5,226,11968,15798,14
33598,4,Faker,T1,T1,Mid,Orianna,1,1654,5,1,7,274,14279,21183,22
33602,4,Faker,T1,T1,Mid,Azir,1,1054,1,0,6,173,8349,6958,13
33603,4,Faker,T1,T1,Mid,Taliyah,1,1676,3,4,11,237,11772,14059,23
33622,3,Chovy,Gen.G,GEN,Mid,Corki,1,1654,7,1,5,274,14053,20966,14
33623,3,Chovy,Gen.G,GEN,Mid,Aurelion Sol,1,2665,6,3,9,438,19880,63440,19
33624,3,Chovy,Gen.G,GEN,Mid,Aurelion Sol,1,1685,9,1,6,242,14681,30384,24
33633,6,knight,Bilibili Gaming,BLG,Mid,Ahri,1,1530,5,2,6,242,11434,14235,21
33634,6,knight,Bilibili Gaming,BLG,Mid,Orianna,0,1828,3,4,3,253,11747,13823,14
33635,6,knight,Bilibili Gaming,BLG,Mid,Taliyah,1,1486,3,0,9,249,11169,14935,14
33636,6,knight,Bilibili Gaming,BLG,Mid,Azir,0,1863,3,4,4,279,11615,24292,10
33637,6,knight,Bilibili Gaming,BLG,Mid,Neeko,1,1433,4,0,10,230,11231,20474,19
33628,2,Caps,G2 Esports,G2,Mid,Tristana,0,1906,3,7,4,233,11701,24225,9
33628,4,Faker,T1,T1,Mid,Azir,1,1906,8,4,7,279,16013,23928,21
33629,2,Caps,G2 Esports,G2,Mid,Orianna,1,1878,4,1,10,314,15054,16668,19
33629,4,Faker,T1,T1,Mid,Taliyah,0,1878,2,6,2,251,10735,19573,7
33630,2,Caps,G2 Esports,G2,Mid,Orianna,1,1766,5,1,13,283,14024,13637,24
33630,4,Faker,T1,T1,Mid,Aurelion Sol,0,1766,0,6,5,239,9792,14639,8
33631,2,Caps,G2 Esports,G2,Mid,Orianna,0,1580,2,4,0,201,8838,14421,4
33631,4,Faker,T1,T1,Mid,Azir,1,1580,2,1,6,243,12247,18035,15
33632,2,Caps,G2 Esports,G2,Mid,Taliyah,0,2267,2,5,4,320,13636,14388,11
33632,4,Faker,T1,T1,Mid,Ahri,1,2267,6,1,8,319,17489,33708,22
33645,3,Chovy,Gen.G,GEN,Mid,Corki,1,1911,6,3,8,304,16334,42875,19
33646,3,Chovy,Gen.G,GEN,Mid,Azir,1,1837,1,0,7,325,13375,25190,12
33647,3,Chovy,Gen.G,GEN,Mid,Corki,0,1683,2,4,3,273,12285,25156,9
33648,3,Chovy,Gen.G,GEN,Mid,Azir,0,1692,1,4,2,272,10846,16831,5
33649,3,Chovy,Gen.G,GEN,Mid,Corki,1,2031,3,1,4,322,15815,32338,17
33642,2,Caps,G2 Esports,G2,Mid,Tristana,1,1887,14,2,8,315,19235,32813,24
33643,2,Caps,G2 Esports,G2,Mid,LeBlanc,1,1252,5,0,10,207,11379,15695,23
33644,2,Caps,G2 Esports,G2,Mid,Orianna,1,1543,4,0,9,215,11102,14452,23
33650,4,Faker,T1,T1,Mid,Corki,0,1744,2,5,2,290,12595,19987,7
33650,6,knight,Bilibili Gaming,BLG,Mid,Taliyah,1,1744,5,1,6,295,13006,18984,17
33651,4,Faker,T1,T1,Mid,Taliyah,1,1859,4,1,7,306,14114,21020,20
33651,6,knight,Bilibili Gaming,BLG,Mid,Corki,0,1859,1,4,2,260,11569,31562,5
33652,4,Faker,T1,T1,Mid,Veigar,0,1844,1,5,1,247,10449,13744,6
33652,6,knight,Bilibili Gaming,BLG,Mid,Taliyah,1,1844,8,1,8,258,13606,18869,21
33653,4,Faker,T1,T1,Mid,Akali,0,1832,2,2,1,269,11083,9053,4
33653,6,knight,Bilibili Gaming,BLG,Mid,Tristana,1,1832,2,1,7,356,15115,18097,12
33658,2,Caps,G2 Esports,G2,Mid,Tristana,1,1727,8,1,5,280,14776,17139,27
33659,2,Caps,G2 Esports,G2,Mid,Tristana,1,1483,2,1,6,266,11576,17526,19
33660,2,Caps,G2 Esports,G2,Mid,Tristana,1,1745,4,1,0,301,13352,20420,16
33654,4,Faker,T1,T1,Mid,Taliyah,1,1747,4,1,5,277,13281,20298,13
33655,4,Faker,T1,T1,Mid,Ahri,1,2625,5,3,6,333,17664,34143,19
33656,4,Faker,T1,T1,Mid,Corki,0,2111,3,5,4,315,13892,26122,12
33657,4,Faker,T1,T1,Mid,Orianna,1,1421,9,0,4,185,10977,17383,27
33669,3,Chovy,Gen.G,GEN,Mid,Orianna,0,2189,0,3,2,315,12462,19021,6
33669,6,knight,Bilibili Gaming,BLG,Mid,Ahri,1,2189,4,1,11,283,14800,17146,18
33670,3,Chovy,Gen.G,GEN,Mid,Yone,1,1751,4,1,5,289,12663,14814,18
33670,6,knight,Bilibili Gaming,BLG,Mid,Orianna,0,1751,0,3,3,240,9961,14989,6
33671,3,Chovy,Gen.G,GEN,Mid,Hwei,1,1763,3,0,12,266,12218,33663,20
33671,6,knight,Bilibili Gaming,BLG,Mid,Tristana,0,1763,2,3,0,266,10875,8744,3
33672,3,Chovy,Gen.G,GEN,Mid,Corki,1,2492,8,3,10,336,18043,41774,24
33672,6,knight,Bilibili Gaming,BLG,Mid,Vex,0,2492,1,6,8,226,11954,20847,16
33661,2,Caps,G2 Esports,G2,Mid,LeBlanc,0,1599,2,4,2,231,9881,13899,5
33661,4,Faker,T1,T1,Mid,Orianna,1,1599,3,1,10,246,11439,17359,20
33662,2,Caps,G2 Esports,G2,Mid,Aurelion Sol,0,2045,7,2,6,277,13984,32640,17
33662,4,Faker,T1,T1,Mid,Azir,1,2045,6,8,3,277,14620,17067,16
33663,2,Caps,G2 Esports,G2,Mid,Tristana,0,2129,2,2,3,355,15576,17575,11
33663,4,Faker,T1,T1,Mid,Taliyah,1,2129,3,1,11,337,15166,20598,18
33664,4,Faker,T1,T1,Mid,Tristana,0,1786,6,7,4,235,12472,19814,15
33664,6,knight,Bilibili Gaming,BLG,Mid,Taliyah,1,1786,6,2,10,268,13618,32277,19
33665,4,Faker,T1,T1,Mid,Akali,1,1745,2,1,5,246,10851,11717,16
33665,6,knight,Bilibili Gaming,BLG,Mid,Neeko,0,1745,2,3,4,197,9598,13691,9
33666,4,Faker,T1,T1,Mid,Zac,0,1421,1,4,0,178,7688,9211,4
33666,6,knight,Bilibili Gaming,BLG,Mid,Annie,1,1421,3,1,16,169,9998,24071,23
33667,4,Faker,T1,T1,Mid,Aurelion Sol,1,2192,5,5,10,276,15178,25439,28
33667,6,knight,Bilibili Gaming,BLG,Mid,Corki,0,2192,6,5,7,291,15238,46861,17
33668,4,Faker,T1,T1,Mid,Taliyah,0,2021,0,2,3,313,12322,10388,5
33668,6,knight,Bilibili Gaming,BLG,Mid,Neeko,1,2021,3,2,9,302,13756,18338,18
33673,3,Chovy,Gen.G,GEN,Mid,Yone,1,2300,1,0,9,334,16138,17099,16
33673,6,knight,Bilibili Gaming,BLG,Mid,Neeko,0,2300,2,3,6,257,12435,18472,10
33674,3,Chovy,Gen.G,GEN,Mid,Yone,1,2354,1,3,18,307,16008,26329,39
33674,6,knight,Bilibili Gaming,BLG,Mid,Orianna,0,2354,3,6,10,332,15061,32373,17
33675,3,Chovy,Gen.G,GEN,Mid,Hwei,0,2408,2,2,6,361,14921,41958,13
33675,6,knight,Bilibili Gaming,BLG,Mid,Jayce,1,2408,4,3,7,351,18234,44696,20
33676,3,Chovy,Gen.G,GEN,Mid,Azir,1,2834,5,1,6,515,22787,28198,23
33676,6,knight,Bilibili Gaming,BLG,Mid,Tristana,0,2834,2,3,2,444,20958,20344,9
34902,6,knight,Bilibili Gaming,BLG,Mid,Corki,1,1892,5,0,6,323,15611,20750,16
34903,6,knight,Bilibili Gaming,BLG,Mid,Yone,1,1748,3,1,9,312,14245,12369,22
33680,2,Caps,G2 Esports,G2,Mid,Hwei,1,1939,4,1,8,275,14309,19543,20
33686,2,Caps,G2 Esports,G2,Mid,Azir,0,2409,2,5,2,396,17093,19685,13
34915,6,knight,Bilibili Gaming,BLG,Mid,Corki,1,2646,4,2,6,455,22042,35842,22
34916,6,knight,Bilibili Gaming,BLG,Mid,Hwei,1,2481,1,4,10,350,15460,23520,16
33689,2,Caps,G2 Esports,G2,Mid,Hwei,0,2582,3,2,3,357,16424,25853,10
34274,5,ShowMaker,Dplus KIA,DK,Mid,Taliyah,1,1519,11,0,7,231,12263,21638,22
34275,5,ShowMaker,Dplus KIA,DK,Mid,Azir,0,1921,1,3,4,307,12407,18743,7
34276,5,ShowMaker,Dplus KIA,DK,Mid,Tristana,1,2722,2,1,6,421,19773,24725,15
34280,1,Bdd,KT Rolster,KT,Mid,Aurelion Sol,0,1946,1,1,1,276,12493,15591,3
34480,1,Bdd,KT Rolster,KT,Mid,Taliyah,0,2124,4,5,10,319,15298,24679,17
34928,6,knight,Bilibili Gaming,BLG,Mid,Jayce,0,2154,3,1,6,328,15104,32670,17
34929,6,knight,Bilibili Gaming,BLG,Mid,Corki,1,1838,2,1,9,302,14024,16554,16
34930,6,knight,Bilibili Gaming,BLG,Mid,Annie,1,1773,5,1,5,277,13718,18622,15
34282,3,Chovy,Gen.G,GEN,Mid,Corki,1,1783,2,3,4,293,12958,16192,18
34283,3,Chovy,Gen.G,GEN,Mid,Corki,1,2113,6,1,4,428,19659,21898,16
34284,4,Faker,T1,T1,Mid,Azir,1,2145,4,1,3,384,17386,13733,13
34285,4,Faker,T1,T1,Mid,Azir,1,1872,9,1,9,319,16041,28863,24
34289,1,Bdd,KT Rolster,KT,Mid,Yone,0,1780,0,3,4,257,10895,11109,5
34289,5,ShowMaker,Dplus KIA,DK,Mid,Taliyah,1,1780,1,2,6,245,11147,19924,16
34290,1,Bdd,KT Rolster,KT,Mid,Jayce,1,2013,3,1,6,298,13712,21863,12
34290,5,ShowMaker,Dplus KIA,DK,Mid,Taliyah,0,2013,2,2,1,323,12514,18406,5
34291,1,Bdd,KT Rolster,KT,Mid,Veigar,0,2075,4,3,5,271,12338,20656,12
34291,5,ShowMaker,Dplus KIA,DK,Mid,Taliyah,1,2075,2,3,14,302,14217,17165,24
33696,2,Caps,G2 Esports,G2,Mid,Corki,1,2045,3,5,2,349,15781,15567,11
34295,3,Chovy,Gen.G,GEN,Mid,Corki,1,1606,6,0,5,299,14163,23709,17
34295,4,Faker,T1,T1,Mid,Taliyah,0,1606,2,4,1,268,10517,10508,4
34296,3,Chovy,Gen.G,GEN,Mid,Yone,1,1468,1,0,6,255,10465,11066,16
34296,4,Faker,T1,T1,Mid,Tristana,0,1468,1,2,1,202,8081,14192,6
33698,2,Caps,G2 Esports,G2,Mid,Tristana,1,1907,5,1,3,347,16934,25700,14
34949,6,knight,Bilibili Gaming,BLG,Mid,Corki,1,2281,9,6,10,288,17238,40436,23
34950,6,knight,Bilibili Gaming,BLG,Mid,Malzahar,1,1863,4,2,14,281,14626,21788,25
34299,4,Faker,T1,T1,Mid,Corki,1,2751,6,4,8,393,21389,42811,23
34299,5,ShowMaker,Dplus KIA,DK,Mid,Tristana,0,2751,6,2,5,418,20294,45632,15
34300,4,Faker,T1,T1,Mid,Tristana,1,1600,4,1,5,249,11860,13740,12
34300,5,ShowMaker,Dplus KIA,DK,Mid,Corki,0,1600,1,4,1,213,8790,18202,4
34301,1,Bdd,KT Rolster,KT,Mid,Yone,0,2040,4,5,5,287,12517,21370,12
34301,3,Chovy,Gen.G,GEN,Mid,Corki,1,2040,9,2,7,329,19006,42314,19
34302,1,Bdd,KT Rolster,KT,Mid,Yone,0,1621,1,1,1,246,9235,10342,2
34302,3,Chovy,Gen.G,GEN,Mid,Corki,1,1621,3,0,5,273,13899,28563,12
34307,4,Faker,T1,T1,Mid,Corki,0,2178,1,1,2,359,14855,22522,9
34308,4,Faker,T1,T1,Mid,Ahri,1,2136,6,1,9,342,16191,29762,20
34309,4,Faker,T1,T1,Mid,Corki,1,1717,8,2,7,253,13398,27647,22
34313,5,ShowMaker,Dplus KIA,DK,Mid,Azir,1,2670,2,5,15,319,16955,25637,20
34314,5,ShowMaker,Dplus KIA,DK,Mid,Taliyah,1,1705,6,2,16,230,12402,32598,31
34968,6,knight,Bilibili Gaming,BLG,Mid,Corki,1,2067,4,3,1,354,15622,18087,9
34969,6,knight,Bilibili Gaming,BLG,Mid,Yone,1,2168,5,5,2,382,17488,21130,23
33705,2,Caps,G2 Esports,G2,Mid,Azir,1,1828,0,0,4,315,13492,13986,13
34315,3,Chovy,Gen.G,GEN,Mid,Lucian,1,1454,5,1,3,266,12367,13177,14
34316,3,Chovy,Gen.G,GEN,Mid,Corki,1,1450,6,1,7,250,13405,26852,21
34317,1,Bdd,KT Rolster,KT,Mid,Corki,0,1503,0,2,0,257,9346,14793,1
34318,1,Bdd,KT Rolster,KT,Mid,Corki,0,1447,0,4,1,224,9783,14845,3
33709,2,Caps,G2 Esports,G2,Mid,Corki,1,1871,6,2,8,310,15400,25299,23
34319,4,Faker,T1,T1,Mid,Tristana,1,2064,3,2,1,346,15704,21661,11
34320,4,Faker,T1,T1,Mid,Tristana,1,1268,3,1,2,194,8794,11087,9
34321,3,Chovy,Gen.G,GEN,Mid,Lucian,1,1973,5,1,7,340,15208,26633,14
34322,3,Chovy,Gen.G,GEN,Mid,Corki,1,2528,7,4,10,406,20716,45818,19
34323,5,ShowMaker,Dplus KIA,DK,Mid,LeBlanc,1,1517,1,2,3,237,10395,14242,21
34324,5,ShowMaker,Dplus KIA,DK,Mid,Tristana,1,1590,7,0,3,272,13570,19744,13
34325,1,Bdd,KT Rolster,KT,Mid,Taliyah,1,1755,5,3,10,282,13211,26169,20
34991,6,knight,Bilibili Gaming,BLG,Mid,Lucian,0,2081,4,5,3,339,14696,34443,12
34326,1,Bdd,KT Rolster,KT,Mid,Tristana,0,2276,5,4,4,368,16414,30283,17
34992,6,knight,Bilibili Gaming,BLG,Mid,Yone,1,1704,3,2,5,257,12298,12145,19
34327,1,Bdd,KT Rolster,KT,Mid,Ahri,1,1518,6,1,10,239,11918,19048,26
34993,6,knight,Bilibili Gaming,BLG,Mid,Corki,0,2271,6,1,8,406,17791,33323,16
34330,3,Chovy,Gen.G,GEN,Mid,Hwei,1,1249,4,0,5,216,9860,11073,15
34331,3,Chovy,Gen.G,GEN,Mid,Corki,1,1857,2,1,5,337,14884,25296,14
34332,1,Bdd,KT Rolster,KT,Mid,Taliyah,0,1948,1,1,5,332,13067,13098,6
34332,4,Faker,T1,T1,Mid,Azir,1,1948,5,1,3,361,17302,20703,9
34333,1,Bdd,KT Rolster,KT,Mid,Taliyah,1,1557,7,1,5,232,12041,10132,16
34333,4,Faker,T1,T1,Mid,Azir,0,1557,1,2,3,259,11412,10165,6
34334,1,Bdd,KT Rolster,KT,Mid,Azir,1,2031,3,1,8,348,15876,34210,16
34334,4,Faker,T1,T1,Mid,Tristana,0,2031,2,4,5,298,13270,15109,10
33714,2,Caps,G2 Esports,G2,Mid,Corki,1,1432,8,1,5,270,12960,25276,18
34339,5,ShowMaker,Dplus KIA,DK,Mid,Taliyah,0,2899,5,2,8,413,20332,27122,16
34340,5,ShowMaker,Dplus KIA,DK,Mid,Twisted Fate,1,1657,1,0,10,276,15383,13526,15
34341,5,ShowMaker,Dplus KIA,DK,Mid,Taliyah,1,1781,3,2,12,255,12213,25455,23
33720,2,Caps,G2 Esports,G2,Mid,Corki,1,2490,6,5,7,372,19124,30466,21
35945,4,Faker,T1,T1,Mid,Corki,1,2341,3,1,7,425,18358,30092,20
35945,6,knight,Bilibili Gaming,BLG,Mid,Tristana,0,2341,2,2,6,374,15596,22372,9
35946,4,Faker,T1,T1,Mid,Tristana,0,1905,1,3,2,278,11370,12073,7
35946,6,knight,Bilibili Gaming,BLG,Mid,Corki,1,1905,5,1,4,341,15375,16724,20
35947,4,Faker,T1,T1,Mid,Tristana,1,1830,6,2,10,301,13874,29566,20
35947,6,knight,Bilibili Gaming,BLG,Mid,Corki,0,1830,1,4,3,273,11680,24154,7
35950,3,Chovy,Gen.G,GEN,Mid,Corki,0,2056,0,2,4,352,15166,29359,8
35951,3,Chovy,Gen.G,GEN,Mid,Hwei,0,2080,1,5,2,350,13687,40600,5
35952,2,Caps,G2 Esports,G2,Mid,Corki,0,2301,5,5,2,342,16410,28805,11
35953,2,Caps,G2 Esports,G2,Mid,Tristana,1,2194,9,4,8,363,19467,42107,26
35954,2,Caps,G2 Esports,G2,Mid,Tristana,1,1825,8,1,2,360,17672,21233,18
35955,4,Faker,T1,T1,Mid,Azir,0,2405,2,2,2,442,17910,22233,5
35956,4,Faker,T1,T1,Mid,Tristana,1,1734,4,2,4,270,13772,19051,18
35957,4,Faker,T1,T1,Mid,Taliyah,1,1748,5,0,5,324,14575,21136,13
35958,2,Caps,G2 Esports,G2,Mid,Corki,0,1734,4,3,2,259,11959,18069,9
35959,2,Caps,G2 Esports,G2,Mid,LeBlanc,0,1597,0,2,6,206,8472,13359,8
35960,4,Faker,T1,T1,Mid,Corki,0,1376,1,3,1,213,8911,15792,4
35961,4,Faker,T1,T1,Mid,Ahri,1,1566,3,1,6,250,10781,17950,16
35962,4,Faker,T1,T1,Mid,Azir,1,2338,4,1,7,383,17732,30149,18
35963,4,Faker,T1,T1,Mid,Yasuo,1,1757,5,2,8,258,13172,16284,21
34342,4,Faker,T1,T1,Mid,Tristana,1,1420,8,2,5,227,13490,20898,17
34343,4,Faker,T1,T1,Mid,Tristana,0,1921,2,6,5,296,13123,20773,9
34344,4,Faker,T1,T1,Mid,Taliyah,1,1717,4,5,12,246,12696,17957,23
34345,1,Bdd,KT Rolster,KT,Mid,Azir,1,1854,5,1,11,303,14566,27327,18
34346,1,Bdd,KT Rolster,KT,Mid,Orianna,1,2195,4,2,11,287,15046,35841,17
34347,5,ShowMaker,Dplus KIA,DK,Mid,Akali,1,1862,3,0,5,317,13747,10303,15
34348,5,ShowMaker,Dplus KIA,DK,Mid,Taliyah,1,1839,4,1,11,262,12837,22217,21
34349,3,Chovy,Gen.G,GEN,Mid,Corki,1,1412,2,0,9,225,10559,20533,15
34350,3,Chovy,Gen.G,GEN,Mid,Corki,1,1684,3,0,5,330,15763,20651,14
34351,1,Bdd,KT Rolster,KT,Mid,Tristana,1,2177,5,2,5,354,17048,29236,15
34352,1,Bdd,KT Rolster,KT,Mid,Azir,1,1653,3,1,4,252,11511,15491,13
34353,4,Faker,T1,T1,Mid,Tristana,0,2526,2,2,4,423,18643,30754,12
34354,4,Faker,T1,T1,Mid,Corki,1,1950,3,0,5,319,14287,22436,11
36153,6,knight,Bilibili Gaming,BLG,Mid,Yone,0,2576,3,3,8,339,16015,23773,19
34355,4,Faker,T1,T1,Mid,Tristana,0,2014,4,2,6,311,15183,23368,11
36154,6,knight,Bilibili Gaming,BLG,Mid,Tristana,1,1689,7,0,9,287,14838,19433,21
36155,6,knight,Bilibili Gaming,BLG,Mid,Taliyah,1,1740,10,0,9,251,14825,27129,23
34356,3,Chovy,Gen.G,GEN,Mid,Tristana,1,1776,6,1,8,326,15435,24468,19
34356,5,ShowMaker,Dplus KIA,DK,Mid,Taliyah,0,1776,1,5,4,234,10196,16951,7
34357,3,Chovy,Gen.G,GEN,Mid,Azir,1,1883,3,2,5,372,16027,22705,10
34357,5,ShowMaker,Dplus KIA,DK,Mid,Taliyah,0,1883,1,2,4,257,11030,14972,10
36084,2,Caps,G2 Esports,G2,Mid,Tristana,1,2597,5,7,13,384,20335,43830,24
36085,2,Caps,G2 Esports,G2,Mid,Ezreal,1,2040,4,3,8,277,14528,28590,18
36088,2,Caps,G2 Esports,G2,Mid,Lucian,1,1835,9,3,7,322,16205,34442,20
36089,2,Caps,G2 Esports,G2,Mid,Tristana,1,1989,9,2,5,346,17659,38882,19
36172,6,knight,Bilibili Gaming,BLG,Mid,Yone,1,1717,7,0,9,295,15045,23143,23
36173,6,knight,Bilibili Gaming,BLG,Mid,Annie,1,1767,4,1,6,202,11882,12030,17
34364,5,ShowMaker,Dplus KIA,DK,Mid,LeBlanc,1,1762,3,1,8,287,14051,35507,13
34365,5,ShowMaker,Dplus KIA,DK,Mid,Ziggs,1,1800,10,1,7,258,14866,38055,23
34368,4,Faker,T1,T1,Mid,Tristana,0,1761,0,4,0,266,10165,11346,2
34369,4,Faker,T1,T1,Mid,Tristana,1,1568,10,0,3,256,14417,26126,16
34370,4,Faker,T1,T1,Mid,Tristana,0,1842,0,1,0,313,11572,16558,0
36189,6,knight,Bilibili Gaming,BLG,Mid,Zeri,0,1939,3,4,3,332,14119,15646,8
34371,3,Chovy,Gen.G,GEN,Mid,Tristana,1,1645,10,0,3,326,16005,27823,22
36190,6,knight,Bilibili Gaming,BLG,Mid,Yone,1,1764,4,1,6,296,13146,19399,13
34372,3,Chovy,Gen.G,GEN,Mid,Azir,1,1426,2,0,5,248,10754,18278,25
36191,6,knight,Bilibili Gaming,BLG,Mid,Ahri,0,1883,2,2,4,277,12101,26211,7
34373,1,Bdd,KT Rolster,KT,Mid,Azir,1,1978,2,1,11,292,13767,30956,15
34374,1,Bdd,KT Rolster,KT,Mid,Tristana,1,1831,9,2,4,289,15204,18807,23
34378,4,Faker,T1,T1,Mid,Corki,0,1707,1,3,5,232,10451,18158,7
34379,4,Faker,T1,T1,Mid,Lucian,0,1866,1,2,1,302,12166,14421,3
34380,3,Chovy,Gen.G,GEN,Mid,Yone,0,1731,0,3,0,287,11339,14108,0
34380,5,ShowMaker,Dplus KIA,DK,Mid,Twisted Fate,1,1731,3,0,13,233,14383,19471,20
34381,3,Chovy,Gen.G,GEN,Mid,Azir,1,2112,2,2,4,338,15244,27985,11
34381,5,ShowMaker,Dplus KIA,DK,Mid,LeBlanc,0,2112,1,1,4,276,12450,27279,5
34382,3,Chovy,Gen.G,GEN,Mid,Azir,1,2198,5,1,7,442,19255,28254,17
34382,5,ShowMaker,Dplus KIA,DK,Mid,Ziggs,0,2198,2,2,5,313,13437,32292,10
36203,6,knight,Bilibili Gaming,BLG,Mid,Tristana,0,2247,4,3,5,395,18762,21695,14
36204,6,knight,Bilibili Gaming,BLG,Mid,Tristana,1,1625,3,1,4,272,12697,13793,10
36205,6,knight,Bilibili Gaming,BLG,Mid,Tristana,1,1808,6,1,7,289,14071,27249,18
34383,1,Bdd,KT Rolster,KT,Mid,Azir,1,1631,7,0,5,247,13506,23639,20
34384,1,Bdd,KT Rolster,KT,Mid,Azir,0,1202,1,2,2,205,7598,16512,4
34385,1,Bdd,KT Rolster,KT,Mid,Azir,0,1916,1,2,2,322,12239,18556,5
36101,2,Caps,G2 Esports,G2,Mid,Ezreal,1,1618,7,0,6,230,13045,24017,19
36102,2,Caps,G2 Esports,G2,Mid,Lucian,0,2087,4,1,2,384,15808,18559,7
36103,2,Caps,G2 Esports,G2,Mid,Ezreal,0,2850,8,5,7,392,20382,41272,16
36104,2,Caps,G2 Esports,G2,Mid,Corki,1,1849,0,3,13,236,12266,26303,25
36105,2,Caps,G2 Esports,G2,Mid,Lucian,0,1556,4,4,2,214,10319,19659,11
36215,6,knight,Bilibili Gaming,BLG,Mid,Yone,0,1798,1,3,2,258,11303,12524,7
36216,6,knight,Bilibili Gaming,BLG,Mid,Yone,1,1443,5,1,6,241,12044,12979,21
36217,6,knight,Bilibili Gaming,BLG,Mid,Corki,1,1629,4,2,3,272,11944,22601,18
34390,3,Chovy,Gen.G,GEN,Mid,Lucian,1,1827,4,2,2,314,14576,25604,14
34391,3,Chovy,Gen.G,GEN,Mid,Lucian,1,1688,6,3,7,281,13858,32125,22
34394,5,ShowMaker,Dplus KIA,DK,Mid,LeBlanc,1,1878,5,1,4,295,14409,24275,14
34395,5,ShowMaker,Dplus KIA,DK,Mid,Azir,1,1624,6,1,8,246,12775,25813,16
34398,1,Bdd,KT Rolster,KT,Mid,Taliyah,0,1972,1,2,0,286,11425,12629,4
34398,4,Faker,T1,T1,Mid,Azir,1,1972,2,0,6,313,14419,17955,16
36238,6,knight,Bilibili Gaming,BLG,Mid,Tristana,0,1692,4,3,0,238,12413,14188,5
34399,1,Bdd,KT Rolster,KT,Mid,Lucian,1,2054,8,3,7,341,16527,29256,22
34399,4,Faker,T1,T1,Mid,Taliyah,0,2054,1,5,5,296,12328,19890,11
36239,6,knight,Bilibili Gaming,BLG,Mid,Corki,1,2130,4,1,7,337,15328,33786,16
34400,1,Bdd,KT Rolster,KT,Mid,Jayce,0,1737,6,4,0,259,12082,22473,8
34400,4,Faker,T1,T1,Mid,Corki,1,1737,5,3,6,288,13747,16262,17
36240,6,knight,Bilibili Gaming,BLG,Mid,Yone,1,2169,5,2,7,331,16596,22336,20
34401,5,ShowMaker,Dplus KIA,DK,Mid,Azir,0,1537,0,2,1,254,9681,10583,1
34402,5,ShowMaker,Dplus KIA,DK,Mid,LeBlanc,1,1722,3,2,6,265,12388,23264,20
34403,5,ShowMaker,Dplus KIA,DK,Mid,Jayce,0,2736,1,4,10,352,16307,29282,19
34404,3,Chovy,Gen.G,GEN,Mid,Draven,1,1326,6,0,4,205,12625,20565,19
34405,3,Chovy,Gen.G,GEN,Mid,Zeri,1,1508,9,3,2,251,13295,17621,22
36111,2,Caps,G2 Esports,G2,Mid,Corki,0,2032,4,3,4,330,14712,31188,10
36112,2,Caps,G2 Esports,G2,Mid,Corki,1,2020,6,2,8,315,16913,30295,23
36113,2,Caps,G2 Esports,G2,Mid,Corki,1,1980,7,0,4,375,18345,27088,14
36114,2,Caps,G2 Esports,G2,Mid,Azir,1,2476,6,5,9,414,19733,22485,19
34406,4,Faker,T1,T1,Mid,Azir,1,2795,3,5,12,407,19079,44546,26
34407,4,Faker,T1,T1,Mid,Azir,1,1620,1,1,6,251,11491,13352,11
34408,1,Bdd,KT Rolster,KT,Mid,Lucian,1,1629,5,0,7,260,12354,21510,19
34409,1,Bdd,KT Rolster,KT,Mid,Zeri,0,1854,0,2,1,279,10693,11569,5
34410,1,Bdd,KT Rolster,KT,Mid,Orianna,1,1689,4,1,12,230,11969,24315,19
36115,2,Caps,G2 Esports,G2,Mid,Corki,1,2149,7,1,4,371,17503,33113,20
36116,2,Caps,G2 Esports,G2,Mid,Corki,1,2107,8,3,4,383,18333,27011,22
36117,2,Caps,G2 Esports,G2,Mid,Corki,1,1759,5,3,6,252,12363,27115,19
36262,6,knight,Bilibili Gaming,BLG,Mid,Tristana,1,1445,6,0,6,242,12840,23173,18
36263,6,knight,Bilibili Gaming,BLG,Mid,Yone,0,2314,2,5,3,307,14030,10106,16
36264,6,knight,Bilibili Gaming,BLG,Mid,Zeri,1,1713,6,0,3,305,14814,18292,15
34411,4,Faker,T1,T1,Mid,Corki,0,2780,4,3,5,475,20597,36524,13
34411,5,ShowMaker,Dplus KIA,DK,Mid,Taliyah,1,2780,2,3,8,367,17457,23502,12
34412,4,Faker,T1,T1,Mid,Corki,1,1717,2,0,7,267,12482,24560,16
34412,5,ShowMaker,Dplus KIA,DK,Mid,Twisted Fate,0,1717,0,3,4,205,9880,12382,5
36265,6,knight,Bilibili Gaming,BLG,Mid,Lucian,1,2193,7,3,7,319,16914,18747,27
34413,4,Faker,T1,T1,Mid,Ahri,1,1801,1,3,9,252,11570,17213,17
34413,5,ShowMaker,Dplus KIA,DK,Mid,Sylas,0,1801,3,4,3,217,10076,8402,9
36266,6,knight,Bilibili Gaming,BLG,Mid,Lucian,1,1366,21,0,4,225,14368,35410,27
34414,1,Bdd,KT Rolster,KT,Mid,Corki,1,1897,13,3,9,292,18178,36407,28
34415,1,Bdd,KT Rolster,KT,Mid,Lucian,0,2176,6,4,3,365,16347,22932,15
34416,1,Bdd,KT Rolster,KT,Mid,Corki,1,2079,10,0,7,323,17501,35388,20
34419,3,Chovy,Gen.G,GEN,Mid,Draven,1,1719,10,1,5,269,15610,29262,23
34420,3,Chovy,Gen.G,GEN,Mid,Corki,1,1920,0,1,6,361,15062,21082,9
34423,5,ShowMaker,Dplus KIA,DK,Mid,Azir,1,1444,0,2,2,228,9668,21412,20
34424,5,ShowMaker,Dplus KIA,DK,Mid,Corki,0,1942,3,2,1,344,13605,23085,7
34425,5,ShowMaker,Dplus KIA,DK,Mid,Tryndamere,1,1482,3,0,3,247,11435,9784,20
34426,3,Chovy,Gen.G,GEN,Mid,Zeri,1,2540,6,3,7,480,21163,39542,16
34426,4,Faker,T1,T1,Mid,Corki,0,2540,6,3,8,368,17911,50130,18
34427,3,Chovy,Gen.G,GEN,Mid,Corki,1,1939,5,0,3,356,15913,27301,11
34427,4,Faker,T1,T1,Mid,Azir,0,1939,2,2,4,292,11580,12652,8
34430,1,Bdd,KT Rolster,KT,Mid,Orianna,0,1847,0,1,2,261,10186,12156,4
34431,1,Bdd,KT Rolster,KT,Mid,Lucian,0,2167,5,4,6,349,16379,29792,13
34434,3,Chovy,Gen.G,GEN,Mid,Corki,1,1698,1,2,8,272,13778,23535,15
34435,3,Chovy,Gen.G,GEN,Mid,Corki,1,2034,11,2,4,396,22391,50754,20
34436,1,Bdd,KT Rolster,KT,Mid,Corki,0,2038,4,2,2,374,15164,27019,8
34437,1,Bdd,KT Rolster,KT,Mid,Corki,0,1890,1,2,1,341,12673,15925,3
34440,5,ShowMaker,Dplus KIA,DK,Mid,Corki,0,1753,3,4,1,273,12966,19922,9
34441,5,ShowMaker,Dplus KIA,DK,Mid,Taliyah,1,3021,2,4,11,420,19274,23458,27
34442,5,ShowMaker,Dplus KIA,DK,Mid,Corki,1,1751,4,2,5,270,12824,14459,16
34443,1,Bdd,KT Rolster,KT,Mid,Corki,0,1752,1,3,1,265,10006,11102,4
34443,3,Chovy,Gen.G,GEN,Mid,Draven,1,1752,3,0,7,276,13885,18342,13
34444,1,Bdd,KT Rolster,KT,Mid,Corki,1,1827,13,1,4,274,16878,31769,17
34444,3,Chovy,Gen.G,GEN,Mid,Draven,0,1827,2,3,3,275,12739,16555,7
34445,1,Bdd,KT Rolster,KT,Mid,Smolder,1,2392,6,3,6,368,17343,44549,18
34445,3,Chovy,Gen.G,GEN,Mid,Corki,0,2392,2,3,2,411,17158,44261,8
34446,4,Faker,T1,T1,Mid,Aurora,0,1772,3,3,2,254,11760,20531,5
34447,4,Faker,T1,T1,Mid,Corki,0,2288,1,2,2,352,14467,20353,10
34453,5,ShowMaker,Dplus KIA,DK,Mid,Corki,0,2260,1,4,6,361,16334,33895,12
34454,5,ShowMaker,Dplus KIA,DK,Mid,Tristana,1,2590,2,2,7,423,18880,37476,12
34455,5,ShowMaker,Dplus KIA,DK,Mid,Tristana,1,1991,2,2,7,348,15552,18891,13
34456,4,Faker,T1,T1,Mid,Yone,1,1974,2,0,0,312,12729,15564,11
34457,4,Faker,T1,T1,Mid,Yone,1,1617,1,1,8,274,11915,16222,18
36826,2,Caps,G2 Esports,G2,Mid,Azir,1,1637,7,0,6,256,13760,31169,15
36827,2,Caps,G2 Esports,G2,Mid,Ahri,0,2051,5,3,7,277,13421,17157,20
36828,2,Caps,G2 Esports,G2,Mid,Annie,1,2971,11,6,15,310,22007,41795,35
36829,2,Caps,G2 Esports,G2,Mid,Orianna,0,1679,1,4,6,221,9536,12844,9
36830,2,Caps,G2 Esports,G2,Mid,Azir,0,2016,2,5,7,284,12682,17373,12
34458,1,Bdd,KT Rolster,KT,Mid,Corki,1,1901,7,1,10,328,16084,28156,18
34459,1,Bdd,KT Rolster,KT,Mid,Corki,1,2016,4,2,11,347,16318,28350,21
34460,4,Faker,T1,T1,Mid,Yone,0,2009,1,4,0,307,13244,18720,6
34461,4,Faker,T1,T1,Mid,Azir,1,1712,5,3,9,305,13542,21362,23
34462,4,Faker,T1,T1,Mid,Azir,1,2132,2,0,2,384,17207,21117,17
34465,5,ShowMaker,Dplus KIA,DK,Mid,LeBlanc,1,2590,8,2,7,360,19537,33150,19
34466,5,ShowMaker,Dplus KIA,DK,Mid,Zeri,1,1503,9,1,6,252,13939,16788,26
34470,3,Chovy,Gen.G,GEN,Mid,Tristana,1,1883,5,0,4,313,14188,34912,19
34471,3,Chovy,Gen.G,GEN,Mid,Tristana,1,1923,6,3,10,345,17509,35210,25
34472,1,Bdd,KT Rolster,KT,Mid,Smolder,0,2649,9,3,3,486,21892,64338,17
34472,5,ShowMaker,Dplus KIA,DK,Mid,Corki,1,2649,8,0,8,446,21174,38978,23
34473,1,Bdd,KT Rolster,KT,Mid,Corki,0,1885,1,4,4,318,13500,24466,7
34473,5,ShowMaker,Dplus KIA,DK,Mid,Yone,1,1885,1,4,8,268,11657,12016,19
34474,4,Faker,T1,T1,Mid,Azir,1,1806,0,0,7,316,13527,8857,12
34475,4,Faker,T1,T1,Mid,Corki,1,1829,5,2,16,253,14376,28083,23
37028,6,knight,Bilibili Gaming,BLG,Mid,Corki,1,2093,8,1,3,421,18265,31330,14
37029,6,knight,Bilibili Gaming,BLG,Mid,Corki,1,1789,4,2,6,288,13328,20378,19
37030,6,knight,Bilibili Gaming,BLG,Mid,Corki,1,1539,10,3,8,262,14077,27999,34
34478,3,Chovy,Gen.G,GEN,Mid,Tristana,1,1588,3,1,5,276,12090,15986,10
34479,3,Chovy,Gen.G,GEN,Mid,Tristana,1,2269,9,3,3,383,18457,29435,19
36837,2,Caps,G2 Esports,G2,Mid,Smolder,1,1557,3,0,7,273,13380,14912,18
36838,2,Caps,G2 Esports,G2,Mid,Corki,1,1874,2,1,3,322,15604,18544,12
36839,2,Caps,G2 Esports,G2,Mid,Tristana,1,1499,3,1,5,248,13366,20494,14
37034,6,knight,Bilibili Gaming,BLG,Mid,Yasuo,0,1705,1,5,4,225,9935,5614,14
37035,6,knight,Bilibili Gaming,BLG,Mid,Corki,1,1846,3,1,7,332,14354,17282,19
37036,6,knight,Bilibili Gaming,BLG,Mid,Corki,1,1476,4,0,5,270,11790,20428,19
37037,6,knight,Bilibili Gaming,BLG,Mid,Corki,1,1833,14,0,5,303,18013,40251,31
36325,5,ShowMaker,Dplus KIA,DK,Mid,Nasus,1,1939,4,1,4,311,15013,15192,12
36326,5,ShowMaker,Dplus KIA,DK,Mid,Corki,1,1838,6,1,12,271,14250,37320,23
36327,5,ShowMaker,Dplus KIA,DK,Mid,Zeri,0,2981,5,2,7,465,21620,19998,17
36328,5,ShowMaker,Dplus KIA,DK,Mid,Yasuo,1,1388,3,0,6,196,10226,8473,19
37189,2,Caps,G2 Esports,G2,Mid,Zeri,0,1982,0,2,2,373,13471,20949,4
37190,2,Caps,G2 Esports,G2,Mid,Zeri,0,2632,2,5,1,493,21389,33074,12
37191,2,Caps,G2 Esports,G2,Mid,Tristana,1,1637,6,0,6,283,14331,28849,13
37192,2,Caps,G2 Esports,G2,Mid,Smolder,1,2431,4,1,3,444,18841,27833,13
37193,2,Caps,G2 Esports,G2,Mid,Tristana,1,1669,8,0,1,273,14164,21526,13
36329,1,Bdd,KT Rolster,KT,Mid,Smolder,0,2157,6,2,3,368,16830,33029,10
36329,4,Faker,T1,T1,Mid,Azir,1,2157,1,3,5,325,13749,21253,13
36330,1,Bdd,KT Rolster,KT,Mid,Smolder,1,1780,8,0,5,271,13371,25453,16
36330,4,Faker,T1,T1,Mid,Yasuo,0,1780,1,4,5,261,10358,11983,9
36331,1,Bdd,KT Rolster,KT,Mid,Smolder,0,2084,3,1,0,393,15136,16756,4
36331,4,Faker,T1,T1,Mid,Azir,1,2084,3,1,2,306,13724,14556,8
36332,1,Bdd,KT Rolster,KT,Mid,Corki,0,2046,4,1,1,333,15148,20992,7
36332,4,Faker,T1,T1,Mid,Smolder,1,2046,1,2,5,287,13084,20570,7
36333,3,Chovy,Gen.G,GEN,Mid,Tristana,1,2266,3,1,3,430,18603,23000,13
36333,5,ShowMaker,Dplus KIA,DK,Mid,Corki,0,2266,4,0,2,365,15456,27792,6
36334,3,Chovy,Gen.G,GEN,Mid,Garen,1,1695,5,3,5,322,14382,17560,18
36334,5,ShowMaker,Dplus KIA,DK,Mid,Nasus,0,1695,1,5,4,200,9059,9471,10
36335,3,Chovy,Gen.G,GEN,Mid,Corki,1,1719,5,4,10,287,13825,19980,25
36335,5,ShowMaker,Dplus KIA,DK,Mid,Taliyah,0,1719,4,4,10,231,11344,18351,16
36336,4,Faker,T1,T1,Mid,LeBlanc,0,1890,2,3,1,287,11902,18857,4
36337,4,Faker,T1,T1,Mid,Nasus,0,2379,4,5,2,333,15356,27457,14
36338,4,Faker,T1,T1,Mid,Smolder,0,1834,1,5,5,250,11135,23922,7
37048,6,knight,Bilibili Gaming,BLG,Mid,Smolder,1,1501,3,0,3,257,11178,14413,9
37049,6,knight,Bilibili Gaming,BLG,Mid,Zeri,1,1505,10,1,13,240,14197,24502,29
37050,6,knight,Bilibili Gaming,BLG,Mid,Smolder,1,2367,4,4,7,421,18640,38980,18
36343,3,Chovy,Gen.G,GEN,Mid,Zeri,0,1986,3,1,0,363,14746,19663,6
36344,3,Chovy,Gen.G,GEN,Mid,Smolder,1,1737,6,1,10,296,13761,23084,22
36345,3,Chovy,Gen.G,GEN,Mid,Corki,1,1876,4,2,6,322,14587,34783,12
36346,3,Chovy,Gen.G,GEN,Mid,Corki,1,1889,9,1,14,327,17307,36143,28
37185,2,Caps,G2 Esports,G2,Mid,Yasuo,0,1650,3,4,2,269,11075,8897,10
37186,2,Caps,G2 Esports,G2,Mid,Corki,1,1796,1,1,9,307,13240,20663,14
37187,2,Caps,G2 Esports,G2,Mid,Corki,1,1872,1,3,9,309,14601,23393,15
37188,2,Caps,G2 Esports,G2,Mid,Corki,1,1832,7,1,5,288,16037,26810,18
36339,4,Faker,T1,T1,Mid,Corki,0,1988,2,1,0,347,13876,13728,3
36339,5,ShowMaker,Dplus KIA,DK,Mid,Taliyah,1,1988,4,0,3,306,14242,17029,9
36340,4,Faker,T1,T1,Mid,Corki,1,1786,3,3,10,255,12022,26961,20
36340,5,ShowMaker,Dplus KIA,DK,Mid,Nasus,0,1786,2,5,5,219,10845,21681,13
36341,4,Faker,T1,T1,Mid,Corki,1,1659,11,1,6,266,15434,35185,21
36341,5,ShowMaker,Dplus KIA,DK,Mid,LeBlanc,0,1659,5,3,2,214,10922,16228,7
36342,4,Faker,T1,T1,Mid,Azir,1,1768,4,4,4,250,12388,17718,18
36342,5,ShowMaker,Dplus KIA,DK,Mid,Yone,0,1768,3,3,3,237,11105,13428,9
36845,2,Caps,G2 Esports,G2,Mid,Corki,1,3080,4,7,8,500,23845,41734,20
36846,2,Caps,G2 Esports,G2,Mid,Corki,0,2249,2,5,3,448,18690,29773,10
36847,2,Caps,G2 Esports,G2,Mid,Azir,1,1978,7,3,10,291,16977,29617,22
36848,2,Caps,G2 Esports,G2,Mid,Azir,1,1894,0,1,4,327,13877,11878,10
36347,4,Faker,T1,T1,Mid,Caitlyn,0,1814,1,3,3,253,10989,18449,5
36348,4,Faker,T1,T1,Mid,Tristana,1,2271,5,0,2,366,18413,34861,9
36349,4,Faker,T1,T1,Mid,Corki,0,1514,0,4,0,243,8626,13053,3
36350,4,Faker,T1,T1,Mid,Tristana,0,2179,4,4,1,328,14914,18006,6
36351,3,Chovy,Gen.G,GEN,Mid,Smolder,0,2412,9,2,7,419,20619,51121,19
36352,3,Chovy,Gen.G,GEN,Mid,Corki,1,2273,5,1,10,419,18388,30929,18
36353,3,Chovy,Gen.G,GEN,Mid,Corki,1,2016,3,2,5,351,14928,25365,14
36354,3,Chovy,Gen.G,GEN,Mid,Corki,0,1809,5,3,0,313,14456,23765,6
36355,3,Chovy,Gen.G,GEN,Mid,Corki,0,2291,0,3,1,371,14791,23726,4
37339,4,Faker,T1,T1,Mid,Yone,1,2551,3,3,8,364,17692,19887,16
37339,5,ShowMaker,Dplus KIA,DK,Mid,Corki,0,2551,8,3,1,411,19273,21947,15
37340,4,Faker,T1,T1,Mid,Corki,0,2041,3,2,4,341,13977,19887,10
37340,5,ShowMaker,Dplus KIA,DK,Mid,Tristana,1,2041,9,2,3,322,17238,30613,14
37341,4,Faker,T1,T1,Mid,Yone,1,2728,0,2,7,440,19353,14226,15
37341,5,ShowMaker,Dplus KIA,DK,Mid,Corki,0,2728,3,2,2,502,20767,34301,8
37342,4,Faker,T1,T1,Mid,Corki,0,2363,3,3,6,345,15201,23062,13
37342,5,ShowMaker,Dplus KIA,DK,Mid,Tristana,1,2363,7,3,6,386,19261,28580,18
37343,4,Faker,T1,T1,Mid,Corki,0,1860,2,1,1,304,11862,14945,6
37343,5,ShowMaker,Dplus KIA,DK,Mid,LeBlanc,1,1860,3,2,4,247,12261,14880,15
37344,1,Bdd,KT Rolster,KT,Mid,Tristana,1,2640,4,0,4,449,19181,29601,10
37345,1,Bdd,KT Rolster,KT,Mid,Yone,1,1826,1,2,10,270,11661,12189,19
37346,1,Bdd,KT Rolster,KT,Mid,Yone,1,1955,10,2,12,297,16835,39287,26
37347,1,Bdd,KT Rolster,KT,Mid,Yone,0,1596,2,1,4,238,9765,11983,6
37347,4,Faker,T1,T1,Mid,Azir,1,1596,3,0,4,257,12043,21525,13
37348,1,Bdd,KT Rolster,KT,Mid,Yone,1,1907,7,2,10,273,13738,30289,25
37348,4,Faker,T1,T1,Mid,Nasus,0,1907,2,6,3,190,9723,18834,8
37349,1,Bdd,KT Rolster,KT,Mid,Corki,0,1739,0,1,1,279,10608,16502,2
37349,4,Faker,T1,T1,Mid,Taliyah,1,1739,4,1,1,324,14359,10382,12
37350,1,Bdd,KT Rolster,KT,Mid,Yone,1,2219,6,0,11,351,18029,27756,18
37350,4,Faker,T1,T1,Mid,Taliyah,0,2219,1,5,2,333,13298,17167,5
37351,1,Bdd,KT Rolster,KT,Mid,LeBlanc,0,1994,3,2,1,290,12008,18732,8
37351,4,Faker,T1,T1,Mid,Corki,1,1994,1,0,4,312,13694,17215,10
